patient_id,test_code,test_name,result_value,result_unit,result_time
P1007,LAB-44,Hb,12.1,g/dL,2026-08-11T09:30:00Z
P1007,LAB-44,Hb,12.1,g/dL,2026-08-11T09:45:00Z
P1007,LAB-51,Creat,1.6,mg/dL,2026-08-11T09:30:00Z
P1007,LAB-51,Creat,141,umol/L,2026-08-11T09:31:00Z
P1008,LAB-44,Hb,11.8,,2026-08-11T10:00:00Z
P1008,LAB-51,Creat,1.1,mg/dL,2026-13-45T09:30:00Z
P1009,LAB-60,K,4.1,mmol/L,2026-08-10T07:15:00Z
P1009,LAB-99,XQ-panel,4.2,mmol/L,2026-08-10T07:15:00Z
P1009,LAB-70,Gluc,98,mg/dL,2026-08-10T07:15:00Z
P1009,LAB-70,Gluc,5.4,mmol/L,2026-08-10T07:20:00Z
P1010,LAB-60,K,pending,mmol/L,2026-08-12T14:00:00Z
P1010,LAB-51,Creat,1.1,mg/dL,2026-08-12T14:00:00Z
